image_name,gridline_id,x1_roi,y1_roi,x2_roi,y2_roi,edge1_x,edge1_y,edge2_x,edge2_y,width_px,width_um
CMd_0.23_2mths_Image1,0,478.9709777832031,1236.8548583984375,577.029052734375,1727.1451416015625,519.5670208129883,1439.8350356445312,555.4562762451171,1619.281279296875,183,726.2811742728727
CMd_0.23_2mths_Image1,1,618.0079956054688,1212.19970703125,637.9920043945312,1711.80029296875,626.2414072265625,1418.0351484375,632.7162260742188,1579.90573828125,162,642.9376364009437
CMd_0.23_2mths_Image1,2,725.5001220703125,1208.012451171875,730.4998779296875,1707.987548828125,727.6200185546875,1420.001892578125,729.159943359375,1573.99422265625,154,611.1876171463338
CMd_0.23_2mths_Image1,3,800.6648559570312,1208.4989013671875,855.3351440429688,1705.5010986328125,823.9543986816407,1420.2218374023437,843.9637241210937,1602.1246416015624,183,726.2812855678201
CMd_0.23_2mths_Image1,4,910.542724609375,1196.6102294921875,945.457275390625,1695.3897705078125,924.229228515625,1392.1318095703125,936.798466796875,1571.6924443359376,180,714.3750805700855
CMd_0.23_2mths_Image1,5,1086.34326171875,1195.9031982421875,969.65673828125,1682.0968017578125,1033.834326171875,1414.6903198242187,994.39428125,1579.0237578125,169,670.7187028504005
CMd_0.23_2mths_Image1,6,1105.590576171875,1214.00634765625,1150.409423828125,1711.99365234375,1123.4284775390624,1412.205294921875,1139.294349609375,1588.49280078125,177,702.4688690475868
CMd_0.23_2mths_Image1,7,1160.592529296875,1213.259033203125,1295.407470703125,1694.740966796875,1210.4740576171876,1391.4073486328125,1255.502248046875,1552.222314453125,167,662.7811450201433
CMd_0.23_2mths_Image1,8,1386.34326171875,1182.9031982421875,1269.65673828125,1669.0968017578125,1335.4679375,1394.883609375,1296.027892578125,1559.2170473632814,169,670.7187028504005
CMd_0.23_2mths_Image1,9,1537.9920654296875,1155.19970703125,1518.0079345703125,1654.80029296875,1529.3189526367187,1372.026361328125,1522.6042846679688,1539.892158203125,168,666.7501479588733
CMd_0.23_2mths_Image1,10,1615.515625,1159.3118896484375,1640.484375,1658.6881103515625,1625.4531875,1358.0636254882813,1634.2421875,1533.8440551757812,176,698.5000674475739
CMd_0.23_2mths_Image1,11,1818.0079345703125,1113.19970703125,1837.9920654296875,1612.80029296875,1826.8409204101563,1334.023166015625,1833.6355249023438,1503.887365234375,170,674.6876497202886
CMd_0.23_2mths_Image1,12,1957.7862548828125,1110.78076171875,1898.2137451171875,1607.21923828125,1934.3146860351562,1306.377521484375,1914.4174677734375,1472.18797265625,167,662.7813095594709
CMd_0.23_2mths_Image1,13,2055.335205078125,1122.4989013671875,2000.6649169921875,1619.5010986328125,2041.4489519042968,1248.7374594726562,2021.2209453125,1432.6282724609375,185,734.2187859565395
CMd_0.23_2mths_Image1,14,2225.500244140625,1143.012451171875,2230.499755859375,1642.987548828125,2226.620134765625,1255.006873046875,2228.31996875,1424.99840625,170,674.6876260232507
CMd_0.23_2mths_Image1,15,2340.484375,1142.3118896484375,2315.515625,1641.6881103515625,2331.295875,1326.0823388671874,2323.4556875,1482.8864721679688,157,623.0938101663018
CMd_0.23_2mths_Image1,16,2388.50244140625,1150.139892578125,2467.49755859375,1643.860107421875,2422.470341796875,1362.4395849609375,2447.5907890625,1519.44261328125,159,631.0310973974742
CMd_0.23_2mths_Image1,17,2503.1240234375,1132.24072265625,2552.8759765625,1629.75927734375,2525.0148828125,1351.14888671875,2540.43798828125,1505.379638671875,155,615.156211980994
CMd_0.23_2mths_Image1,18,2645.457275390625,1121.6102294921875,2610.542724609375,1620.3897705078125,2629.8853857421873,1344.0659047851564,2618.5730712890627,1505.6704760742186,162,642.9375725130769
CMd_0.23_2mths_Image1,19,2765.085205078125,1130.765869140625,2690.914794921875,1625.234130859375,2734.230314453125,1336.464666015625,2709.309056640625,1502.606001953125,168,666.7501488051265
CMd_0.23_2mths_Image1,20,2874.665283203125,1147.3939208984375,2781.334716796875,1638.6060791015625,2835.2797841796873,1354.6854516601563,2809.707208984375,1489.2775830078126,137,543.7187271554207
CMd_0.23_2mths_Image1,21,2988.50244140625,1203.139892578125,3067.49755859375,1696.860107421875,3014.570830078125,1366.0675634765626,3037.79539453125,1511.221306640625,147,583.406108914646
CMd_0.23_2mths_Image1,22,3074.28466796875,1189.8388671875,3181.71533203125,1678.1611328125,3105.654421875,1332.42896875,3143.470015625,1504.31840625,176,698.4999758124013
CMd_0.23_2mths_Image1,23,3210.542724609375,1162.6102294921875,3245.457275390625,1661.3897705078125,3218.22392578125,1272.341728515625,3233.6561572265623,1492.8022856445314,221,877.0938489221605
CMd_0.23_2mths_Image1,24,3235.820556640625,1172.6146240234375,3420.179443359375,1637.3853759765625,3271.217462890625,1261.8506083984375,3354.5476796875,1471.92698828125,226,896.9375914575731
CMd_0.23_2mths_Image1,25,3483.26953125,1082.154296875,3772.73046875,1489.845703125,3555.05584375,1183.261765625,3648.262265625,1314.5383984375,161,638.9686440186937
CMd_0.23_2mths_Image1,26,3645.412353515625,979.035400390625,3810.587646484375,1450.964599609375,3701.571953125,1139.491328125,3748.1513857421874,1272.5753623046876,141,559.5938020227011
CMd_0.23_2mths_Image1,27,3776.62060546875,935.3366088867188,3879.37939453125,1424.663330078125,3815.6689453125,1121.280762939453,3838.27587890625,1228.9326416015624,110,436.56250768483017
CMd_0.23_2mths_Image1,28,3796.26513671875,946.5243530273438,4059.73486328125,1371.4757080078125,3873.198296875,1070.6101486816406,3958.035548828125,1207.4444849853517,161,638.9686872719936
CMd_0.23_2mths_Image1,29,3874.733642578125,899.4918823242188,4181.26611328125,1294.508056640625,3999.185825683594,1059.8684490966798,4074.5928134765627,1157.0424279785157,123,488.15618514056064
CMd_0.23_2mths_Image1,30,4500.6650390625,460.4989013671875,4555.3349609375,957.5010986328125,4519.2528125,629.4796484375,4534.23237109375,765.6582504882813,137,543.7187330845591
CMd_0.23_2mths_Image1,31,4655.3349609375,449.4989013671875,4600.6650390625,946.5010986328125,4632.04557421875,661.2218374023437,4621.00225,761.6162812499999,101,400.84373752949244
CMd_0.23_2mths_Image1,32,6739.80322265625,809.3931884765625,6516.19677734375,1256.6068115234375,6636.04983203125,1016.9003095703125,6596.247884765625,1096.5043344726562,89,353.21865606075767
CMd_0.23_2mths_Image1,33,6786.34326171875,839.9031982421875,6669.65673828125,1326.0968017578125,6734.5344453125,1055.773158203125,6721.232181640625,1111.1992290039063,57,226.21873409747238
CMd_0.23_2mths_Image1,34,6842.97314453125,857.4487915039062,6813.02685546875,1356.55126953125,6829.257744140625,1086.0377264404297,6826.20322265625,1136.9461791992187,51,202.40627582770378
CMd_0.23_2mths_Image1,35,6960.22900390625,865.0861206054688,6895.77099609375,1360.9139404296875,6930.449404296875,1094.1585733642578,6923.8746875,1144.733010986328,51,202.4062749699646
CMd_0.23_2mths_Image1,36,7045.45751953125,876.6102294921875,7010.54248046875,1375.3897705078125,7029.3966015625,1106.048818359375,7025.835267578125,1156.9243315429687,51,202.40628663086994
CMd_0.23_2mths_Image1,37,7169.89892578125,886.5360107421875,7086.10107421875,1379.4639892578125,7132.022296875,1109.33945703125,7121.463767578125,1171.4483823242188,63,250.03128596948866
CMd_0.23_2mths_Image1,38,7250.40966796875,901.0064086914062,7205.59033203125,1398.99365234375,7229.61349609375,1132.0724897460937,7222.44240234375,1211.7504487304686,80,317.50004299860126
CMd_0.23_2mths_Image1,39,7360.22900390625,911.0861206054688,7295.77099609375,1406.9139404296875,7329.80482421875,1145.1168515625,7322.843359375,1198.6662561035157,54,214.31252643878605
CMd_0.23_2mths_Image1,40,7437.9921875,922.1997680664062,7418.0078125,1421.80029296875,7428.91928125,1149.0184063720703,7426.4811875,1209.9696704101561,61,242.09377891898666
CMd_0.23_2mths_Image1,41,7586.34326171875,932.9031982421875,7469.65673828125,1419.0968017578125,7532.6674609375,1156.552255859375,7515.8646015625,1226.564134765625,72,285.7499799125967
CMd_0.23_2mths_Image1,42,7571.962890625,956.3612060546875,7684.037109375,1443.6387939453125,7623.7411796875,1181.4834516601563,7636.9659375,1238.98220703125,59,234.15628660748357
CMd_0.23_2mths_Image1,43,7688.50244140625,930.1398315429688,7767.49755859375,1423.860107421875,7724.998185546875,1158.2385989990235,7736.373482421875,1229.334318725586,72,285.7499653404718
CMd_0.23_2mths_Image1,44,7769.65673828125,917.9031982421875,7886.34326171875,1404.0968017578125,7821.4655546875,1133.773158203125,7838.968533203125,1206.7021987304688,75,297.6562290756215
CMd_0.23_2mths_Image1,45,7915.515625,887.3118896484375,7940.484375,1386.6881103515625,7926.7515625,1112.0311889648438,7930.59675,1188.935126953125,77,305.59377950831356
CMd_0.23_2mths_Image1,46,8030.5,882.0125122070312,8025.5,1381.987548828125,8028.23,1109.0011788330078,8027.59,1172.997983520508,64,254.00001892008544
CMd_0.23_2mths_Image1,47,8023.5234375,905.8773803710938,8232.4765625,1360.12255859375,8111.28375,1096.6603552246095,8133.8506875,1145.7188344726562,54,214.3125387416093
CMd_0.23_2mths_Image1,48,8160.59228515625,846.2589721679688,8295.4072265625,1327.740966796875,8219.910859375,1058.1110498046876,8237.436801757813,1120.7037091064453,65,257.96873946362774
CMd_0.23_2mths_Image1,49,8323.0009765625,809.0499877929688,8332.9990234375,1308.9500732421875,8327.62007421875,1040.0038272705078,8328.97980859375,1107.9902388916016,68,269.8750304275684
CMd_0.23_2mths_Image1,50,8405.5908203125,808.0064086914062,8450.4091796875,1305.99365234375,8426.29690234375,1038.0765152587892,8431.7647421875,1098.830958984375,61,242.0937404022054
CMd_0.23_2mths_Image1,51,8658.369140625,789.8927001953125,8797.630859375,1270.1072998046875,8720.758390625,1005.0288408203126,8739.9765078125,1071.2984555664061,69,273.8436886519808
CMd_0.23_2mths_Image1,52,9025.4091796875,686.0196533203125,9230.5908203125,1141.9803466796875,9102.96783984375,858.3727954101562,9138.25908203125,936.7980346679688,86,341.31226759227246
CMd_0.23_2mths_Image1,53,9228.0,619.0,9228.0,1119.0,9228.0,839.0,9228.0,915.0,76,301.625
CMd_0.23_2mths_Image1,54,453.6556396484375,4159.5927734375,610.3443603515625,4634.4072265625,526.3592060546875,4379.9066796875,535.760529296875,4408.395546875,30,119.06252859689803
CMd_0.23_2mths_Image1,55,632.0,4114.0,632.0,4614.0,632.0,4337.0,632.0,4380.0,43,170.65625
CMd_0.23_2mths_Image1,56,778.6651611328125,4118.39404296875,685.3348388671875,4609.60595703125,736.1065341796875,4342.38667578125,726.2135200195313,4394.455138671875,53,210.34362108917378
CMd_0.23_2mths_Image1,57,757.0298461914062,4144.505859375,906.9701538085938,4621.494140625,827.20191015625,4367.736375,844.8948664550782,4424.0209921875,59,234.15621080138152
CMd_0.23_2mths_Image1,58,3073.65673828125,3416.903076171875,3190.34326171875,3903.096923828125,3125.232181640625,3631.8007568359376,3139.93468359375,3693.061181640625,63,250.03135113797975
CMd_0.23_2mths_Image1,59,3123.817138671875,3410.619140625,3340.182861328125,3861.380859375,3215.1234736328124,3600.8405859375,3242.8182861328123,3658.5380859375,64,254.0001285397233
CMd_0.23_2mths_Image1,60,3420.196533203125,3268.393310546875,3643.803466796875,3715.606689453125,3510.5337343749998,3449.067515625,3543.627560546875,3515.255095703125,74,293.6874218931792
CMd_0.23_2mths_Image1,61,4065.55078125,2950.99267578125,4198.44921875,3433.00732421875,4111.533640625,3117.769744140625,4141.834484375,3227.669083984375,114,452.4376049639207
CMd_0.23_2mths_Image1,62,4804.6650390625,2750.4990234375,4859.3349609375,3247.5009765625,4829.5945234375,2977.1319140625,4835.82689453125,3033.79013671875,57,226.21863316607653
CMd_0.23_2mths_Image1,63,4839.15234375,2755.880859375,5024.84765625,3220.119140625,4912.316296875,2938.7907421875,4944.255890625,3018.6397265625,86,341.3124528049608
CMd_0.23_2mths_Image1,64,5004.6650390625,2699.4990234375,5059.3349609375,3196.5009765625,5029.70386328125,2927.12591796875,5039.10708984375,3012.61025390625,86,341.3123237242558
CMd_0.23_2mths_Image1,65,5112.0634765625,2687.796142578125,5151.9365234375,3186.203857421875,5130.08609375,2913.0764296875,5136.22654296875,2989.8312177734374,77,305.59381728126345
CMd_0.23_2mths_Image1,66,5204.6650390625,2680.4990234375,5259.3349609375,3177.5009765625,5229.1571640625,2903.1558984375,5235.60821484375,2961.80212890625,59,234.1561290666406
CMd_0.23_2mths_Image1,67,5271.3662109375,2675.46435546875,5392.6337890625,3160.53564453125,5325.45155078125,2891.806150390625,5344.611828125,2968.4474140625,79,313.53123807142646
CMd_0.23_2mths_Image1,68,5353.65576171875,2655.5927734375,5510.34423828125,3130.4072265625,5422.59869140625,2864.5111328125,5448.2956015625,2942.380703125,82,325.4375283676501
CMd_0.23_2mths_Image1,69,5392.84619140625,2652.3076171875,5671.15380859375,3067.6923828125,5514.1883125,2833.415375,5555.934455078125,2895.72308984375,75,297.65603169758805
CMd_0.23_2mths_Image1,70,5855.80615234375,2353.89404296875,6008.19384765625,2830.10595703125,5922.2471875,2561.5224375,5943.886240234375,2629.144529296875,71,281.7811354715235
CMd_0.23_2mths_Image1,71,5908.19921875,2342.8056640625,6155.80078125,2777.1943359375,6021.10553125,2540.8868984375,6053.7889375,2598.226203125,66,261.93752724452025
CMd_0.23_2mths_Image1,72,6178.28466796875,2201.8388671875,6285.71533203125,2690.1611328125,6219.967765625,2391.30790625,6239.30528515625,2479.2059140625,90,357.1874876313416
CMd_0.23_2mths_Image1,73,6390.34326171875,2180.903076171875,6273.65673828125,2667.096923828125,6338.06769921875,2398.717919921875,6322.665078125,2462.8955078125,66,261.93760595407406
CMd_0.23_2mths_Image1,74,6528.80810546875,2217.50439453125,6335.19189453125,2678.49560546875,6445.16590234375,2416.65259765625,6412.251146484375,2495.021103515625,85,337.34384020531337
CMd_0.23_2mths_Image1,75,6509.59033203125,2241.00634765625,6554.40966796875,2738.99365234375,6530.2072265625,2470.0805078125,6536.213017578125,2536.810806640625,67,265.9063183399181
CMd_0.23_2mths_Image1,76,6547.3203125,2245.778076171875,6716.6796875,2716.221923828125,6615.40278125,2434.8965029296874,6641.484125,2507.34485546875,77,305.5937571496759
CMd_0.23_2mths_Image1,77,7704.962890625,2050.6826171875,7959.037109375,2481.3173828125,7808.625171875,2226.3816015625,7855.8829765625,2306.47966796875,93,369.0937573806359
CMd_0.23_2mths_Image1,78,7878.28466796875,1962.8388671875,7985.71533203125,2451.1611328125,7923.190685546875,2166.95757421875,7944.032234375,2261.69209375,97,384.9687366693348
CMd_0.23_2mths_Image1,79,8056.8759765625,1936.24072265625,8007.1240234375,2433.75927734375,8034.9851171875,2155.14888671875,8023.34316015625,2271.568228515625,117,464.3437213017826
CMd_0.23_2mths_Image1,80,8171.49755859375,1948.139892578125,8092.50244140625,2441.860107421875,8135.1598046875,2175.25119140625,8119.67676171875,2272.020353515625,98,388.93740594309725
